Entity,Code,Year,Annual COâ‚‚ emissions
Belgium,BEL,1802,6397344
Belgium,BEL,1830,6195824
Belgium,BEL,1831,4462752
Belgium,BEL,1832,4715568
Belgium,BEL,1833,4565344
Belgium,BEL,1834,4407792
Belgium,BEL,1835,4759536
Belgium,BEL,1836,5598592
Belgium,BEL,1837,5997968
Belgium,BEL,1838,6122544
Belgium,BEL,1839,6708784
Belgium,BEL,1840,7727376
Belgium,BEL,1841,7390288
Belgium,BEL,1842,7679744
Belgium,BEL,1843,7111824
Belgium,BEL,1844,7800656
Belgium,BEL,1845,8218352.5
Belgium,BEL,1846,8965808
Belgium,BEL,1847,9317552
Belgium,BEL,1848,8284303.5
Belgium,BEL,1849,8734976
Belgium,BEL,1850,9332208
Belgium,BEL,1851,10167600
Belgium,BEL,1852,11409696
Belgium,BEL,1853,11787088
Belgium,BEL,1854,13058496
Belgium,BEL,1855,13377264
Belgium,BEL,1856,13212384
Belgium,BEL,1857,13754656
Belgium,BEL,1858,14450816
Belgium,BEL,1859,14897824
Belgium,BEL,1860,15212928
Belgium,BEL,1861,16458689
Belgium,BEL,1862,16345104
Belgium,BEL,1863,17228128
Belgium,BEL,1864,18081840
Belgium,BEL,1865,19060128
Belgium,BEL,1866,20529392
Belgium,BEL,1867,22233152
Belgium,BEL,1868,20100704
Belgium,BEL,1869,21650576
Belgium,BEL,1870,24746656
Belgium,BEL,1871,23717072
Belgium,BEL,1872,25589376
Belgium,BEL,1873,28106544
Belgium,BEL,1874,25915472
Belgium,BEL,1875,26930400
Belgium,BEL,1876,26318512
Belgium,BEL,1877,25050768
Belgium,BEL,1878,27238176
Belgium,BEL,1879,27732816
Belgium,BEL,1880,30425856
Belgium,BEL,1881,30631040
Belgium,BEL,1882,32437394
Belgium,BEL,1883,34382976
Belgium,BEL,1884,33870016
Belgium,BEL,1885,33082256
Belgium,BEL,1886,32103970
Belgium,BEL,1887,33968944
Belgium,BEL,1888,36053760
Belgium,BEL,1889,36834190
Belgium,BEL,1890,39824016
Belgium,BEL,1891,37779504
Belgium,BEL,1892,37728210
Belgium,BEL,1893,36075744
Belgium,BEL,1894,39831344
Belgium,BEL,1895,40131790
Belgium,BEL,1896,42278896
Belgium,BEL,1897,43744496
Belgium,BEL,1898,45085520
Belgium,BEL,1899,47126370
Belgium,BEL,1900,49665520
Belgium,BEL,1901,46708670
Belgium,BEL,1902,48855776
Belgium,BEL,1903,52629696
Belgium,BEL,1904,50350690
Belgium,BEL,1905,50266416
Belgium,BEL,1906,57495490
Belgium,BEL,1907,58323550
Belgium,BEL,1908,57847230
Belgium,BEL,1909,57762960
Belgium,BEL,1910,61287730
Belgium,BEL,1911,61687104
Belgium,BEL,1912,64775856
Belgium,BEL,1913,68014830
Belgium,BEL,1914,40575136
Belgium,BEL,1915,34419616
Belgium,BEL,1916,45792670
Belgium,BEL,1917,36247950
Belgium,BEL,1918,33723456
Belgium,BEL,1919,44869344
Belgium,BEL,1920,55154190
Belgium,BEL,1921,50533890
Belgium,BEL,1922,55908976
Belgium,BEL,1923,71884020
Belgium,BEL,1924,76255170
Belgium,BEL,1925,78039540
Belgium,BEL,1926,77684130
Belgium,BEL,1927,90475150
Belgium,BEL,1928,88246130
Belgium,BEL,1929,96954620
Belgium,BEL,1930,93672490
Belgium,BEL,1931,84122810
Belgium,BEL,1932,67713210
Belgium,BEL,1933,72656570
Belgium,BEL,1934,74957770
Belgium,BEL,1935,71640630
Belgium,BEL,1936,75003560
Belgium,BEL,1937,90298120
Belgium,BEL,1938,79119070
Belgium,BEL,1939,73709370
Belgium,BEL,1940,62103940
Belgium,BEL,1941,65183670
Belgium,BEL,1942,61076828
Belgium,BEL,1943,57852690
Belgium,BEL,1944,33138442
Belgium,BEL,1945,38755176
Belgium,BEL,1946,56410636
Belgium,BEL,1947,82030070
Belgium,BEL,1948,85057290
Belgium,BEL,1949,80772050
Belgium,BEL,1950,76204230
Belgium,BEL,1951,89457100
Belgium,BEL,1952,83467630
Belgium,BEL,1953,82381010
Belgium,BEL,1954,85741900
Belgium,BEL,1955,92024380
Belgium,BEL,1956,96787704
Belgium,BEL,1957,96494410
Belgium,BEL,1958,87692430
Belgium,BEL,1959,88317430
Belgium,BEL,1960,90915416
Belgium,BEL,1961,92702050
Belgium,BEL,1962,98025630
Belgium,BEL,1963,105687304
Belgium,BEL,1964,103561320
Belgium,BEL,1965,105334560
Belgium,BEL,1966,105103976
Belgium,BEL,1967,107364670
Belgium,BEL,1968,118441240
Belgium,BEL,1969,123495420
Belgium,BEL,1970,125497690
Belgium,BEL,1971,121374170
Belgium,BEL,1972,130641340
Belgium,BEL,1973,138642740
Belgium,BEL,1974,134953760
Belgium,BEL,1975,121823130
Belgium,BEL,1976,129681256
Belgium,BEL,1977,126199330
Belgium,BEL,1978,135450180
Belgium,BEL,1979,139786620
Belgium,BEL,1980,134835890
Belgium,BEL,1981,123577290
Belgium,BEL,1982,117109240
Belgium,BEL,1983,101205500
Belgium,BEL,1984,104970210
Belgium,BEL,1985,104011816
Belgium,BEL,1986,102374090
Belgium,BEL,1987,102592376
Belgium,BEL,1988,99750140
Belgium,BEL,1989,106792200
Belgium,BEL,1990,120335410
Belgium,BEL,1991,123396216
Belgium,BEL,1992,122519256
Belgium,BEL,1993,121451200
Belgium,BEL,1994,124833050
Belgium,BEL,1995,125969300
Belgium,BEL,1996,129503280
Belgium,BEL,1997,124017384
Belgium,BEL,1998,130255750
Belgium,BEL,1999,124718600
Belgium,BEL,2000,126775704
Belgium,BEL,2001,126085030
Belgium,BEL,2002,126883144
Belgium,BEL,2003,128292040
Belgium,BEL,2004,128811736
Belgium,BEL,2005,125657690
Belgium,BEL,2006,123900460
Belgium,BEL,2007,120493400
Belgium,BEL,2008,120204350
Belgium,BEL,2009,107806790
Belgium,BEL,2010,114562660
Belgium,BEL,2011,105158970
Belgium,BEL,2012,102486240
Belgium,BEL,2013,102815960
Belgium,BEL,2014,97080950
Belgium,BEL,2015,101327496
Belgium,BEL,2016,99816290
Belgium,BEL,2017,99282190
Belgium,BEL,2018,100256370
Belgium,BEL,2019,99798730
Belgium,BEL,2020,91254550
Belgium,BEL,2021,94928070
Belgium,BEL,2022,88914970
Belgium,BEL,2023,84703360
Belgium,BEL,2024,85456200
Brazil,BRA,1856,227193
Brazil,BRA,1857,269048
Brazil,BRA,1858,284547
Brazil,BRA,1859,372714
Brazil,BRA,1860,434898
Brazil,BRA,1861,410068
Brazil,BRA,1862,355327
Brazil,BRA,1863,425965
Brazil,BRA,1864,479584
Brazil,BRA,1865,571897
Brazil,BRA,1866,646022
Brazil,BRA,1867,554700
Brazil,BRA,1868,752482
Brazil,BRA,1869,605044
Brazil,BRA,1870,698167
Brazil,BRA,1871,844686
Brazil,BRA,1872,858380
Brazil,BRA,1873,1029011
Brazil,BRA,1874,996022
Brazil,BRA,1875,939750
Brazil,BRA,1876,843065
Brazil,BRA,1877,878429
Brazil,BRA,1878,949458
Brazil,BRA,1879,808030
Brazil,BRA,1880,923420
Brazil,BRA,1881,1031042
Brazil,BRA,1882,948135
Brazil,BRA,1883,1170254
Brazil,BRA,1884,1282615
Brazil,BRA,1885,1215464
Brazil,BRA,1886,1236031
Brazil,BRA,1887,1315565
Brazil,BRA,1888,1283198
Brazil,BRA,1889,1860401
Brazil,BRA,1890,1713533
Brazil,BRA,1891,2072020
Brazil,BRA,1892,2145624
Brazil,BRA,1893,1969636
Brazil,BRA,1894,2308266
Brazil,BRA,1895,2188105
Brazil,BRA,1896,2615588
Brazil,BRA,1897,2734326
Brazil,BRA,1898,2681303
Brazil,BRA,1899,2612972
Brazil,BRA,1900,2272218
Brazil,BRA,1901,2314927
Brazil,BRA,1902,2554500
Brazil,BRA,1903,2442213
Brazil,BRA,1904,2639233
Brazil,BRA,1905,2871745
Brazil,BRA,1906,3248124
Brazil,BRA,1907,3722012
Brazil,BRA,1908,3729627
Brazil,BRA,1909,3825869
Brazil,BRA,1910,4584790
Brazil,BRA,1911,5383972
Brazil,BRA,1912,5477784
Brazil,BRA,1913,6107222
Brazil,BRA,1914,4657949
Brazil,BRA,1915,3211753
Brazil,BRA,1916,2735087
Brazil,BRA,1917,2840131
Brazil,BRA,1918,2656656
Brazil,BRA,1919,2967940
Brazil,BRA,1920,3964006
Brazil,BRA,1921,2886595
Brazil,BRA,1922,4026874
Brazil,BRA,1923,4792903
Brazil,BRA,1924,5319118
Brazil,BRA,1925,5341588
Brazil,BRA,1926,5469600
Brazil,BRA,1927,6038804
Brazil,BRA,1928,6083169
Brazil,BRA,1929,6337248
Brazil,BRA,1930,5787529
Brazil,BRA,1931,4772610
Brazil,BRA,1932,4780363
Brazil,BRA,1933,5177471
Brazil,BRA,1934,5158075
Brazil,BRA,1935,5378230
Brazil,BRA,1936,5617306
Brazil,BRA,1937,6731251
Brazil,BRA,1938,7179338
Brazil,BRA,1939,5614746
Brazil,BRA,1940,5654414
Brazil,BRA,1941,6280670
Brazil,BRA,1942,5866699
Brazil,BRA,1943,6474923
Brazil,BRA,1944,5895771
Brazil,BRA,1945,6822912
Brazil,BRA,1946,7460241
Brazil,BRA,1947,8947467
Brazil,BRA,1948,7847465
Brazil,BRA,1949,7366800
Brazil,BRA,1950,19659072
Brazil,BRA,1951,21659348
Brazil,BRA,1952,24934310
Brazil,BRA,1953,25218440
Brazil,BRA,1954,29675626
Brazil,BRA,1955,34023692
Brazil,BRA,1956,36608456
Brazil,BRA,1957,35977396
Brazil,BRA,1958,39053930
Brazil,BRA,1959,39017080
Brazil,BRA,1960,46851820
Brazil,BRA,1961,49134936
Brazil,BRA,1962,53610856
Brazil,BRA,1963,55519376
Brazil,BRA,1964,56621016
Brazil,BRA,1965,56272604
Brazil,BRA,1966,64153876
Brazil,BRA,1967,66021996
Brazil,BRA,1968,77210430
Brazil,BRA,1969,84071830
Brazil,BRA,1970,93466984
Brazil,BRA,1971,102313960
Brazil,BRA,1972,113992010
Brazil,BRA,1973,132029210
Brazil,BRA,1974,142980540
Brazil,BRA,1975,150287150
Brazil,BRA,1976,154561870
Brazil,BRA,1977,162313580
Brazil,BRA,1978,177060600
Brazil,BRA,1979,187727740
Brazil,BRA,1980,186127380
Brazil,BRA,1981,171261920
Brazil,BRA,1982,171439150
Brazil,BRA,1983,165851310
Brazil,BRA,1984,167524240
Brazil,BRA,1985,180064830
Brazil,BRA,1986,197183400
Brazil,BRA,1987,205911790
Brazil,BRA,1988,207640260
Brazil,BRA,1989,212015970
Brazil,BRA,1990,218657680
Brazil,BRA,1991,229393580
Brazil,BRA,1992,233600860
Brazil,BRA,1993,244305540
Brazil,BRA,1994,254002260
Brazil,BRA,1995,268677540
Brazil,BRA,1996,289310900
Brazil,BRA,1997,306949060
Brazil,BRA,1998,317359420
Brazil,BRA,1999,327255650
Brazil,BRA,2000,340182820
Brazil,BRA,2001,346165730
Brazil,BRA,2002,347764960
Brazil,BRA,2003,344644930
Brazil,BRA,2004,361434020
Brazil,BRA,2005,364370560
Brazil,BRA,2006,368870940
Brazil,BRA,2007,390573440
Brazil,BRA,2008,412637860
Brazil,BRA,2009,389775330
Brazil,BRA,2010,440269060
Brazil,BRA,2011,461911330
Brazil,BRA,2012,497468200
Brazil,BRA,2013,531568830
Brazil,BRA,2014,556525500
Brazil,BRA,2015,528173540
Brazil,BRA,2016,491744830
Brazil,BRA,2017,497254560
Brazil,BRA,2018,476600540
Brazil,BRA,2019,476723740
Brazil,BRA,2020,447999400
Brazil,BRA,2021,496562000
Brazil,BRA,2022,480058300
Brazil,BRA,2023,483991940
Brazil,BRA,2024,483011550
China,CHN,1907,19893872
China,CHN,1908,22735854
China,CHN,1909,24251576
China,CHN,1910,25009438
China,CHN,1911,24630506
China,CHN,1912,17029154
China,CHN,1913,24251576
China,CHN,1914,26718416
China,CHN,1915,25420578
China,CHN,1916,30130690
China,CHN,1917,32023448
China,CHN,1918,34747964
China,CHN,1919,37997296
China,CHN,1920,40278456
China,CHN,1921,38762732
China,CHN,1922,39971524
China,CHN,1923,46517556
China,CHN,1924,48846084
China,CHN,1925,45954840
China,CHN,1926,43660164
China,CHN,1927,45808580
China,CHN,1928,47591444
China,CHN,1929,48281828
China,CHN,1930,49558456
China,CHN,1931,51904660
China,CHN,1932,50269150
China,CHN,1933,54111180
China,CHN,1934,62382628
China,CHN,1935,72645970
China,CHN,1936,75477250
China,CHN,1937,70968650
China,CHN,1938,61365520
China,CHN,1939,74426990
China,CHN,1940,90790530
China,CHN,1941,113978570
China,CHN,1942,127613384
China,CHN,1943,108994540
China,CHN,1944,103003570
China,CHN,1945,55892210
China,CHN,1946,36107050
China,CHN,1947,41836136
China,CHN,1948,38400104
China,CHN,1949,62081100
China,CHN,1950,78835304
China,CHN,1951,102115210
China,CHN,1952,128002990
China,CHN,1953,133786500
China,CHN,1954,160881020
China,CHN,1955,190521500
China,CHN,1956,215827650
China,CHN,1957,255788690
China,CHN,1958,524624400
China,CHN,1959,720162560
China,CHN,1960,798810940
China,CHN,1961,570641150
China,CHN,1962,459625400
China,CHN,1963,456786780
China,CHN,1964,460644400
China,CHN,1965,500293700
China,CHN,1966,549466700
China,CHN,1967,460233200
China,CHN,1968,495513900
China,CHN,1969,607694340
China,CHN,1970,807963650
China,CHN,1971,909209860
China,CHN,1972,968635800
China,CHN,1973,1008268600
China,CHN,1974,1028063500
China,CHN,1975,1183153500
China,CHN,1976,1226339500
China,CHN,1977,1340715300
China,CHN,1978,1492517500
China,CHN,1979,1525417300
China,CHN,1980,1494297900
China,CHN,1981,1476280000
China,CHN,1982,1606239100
China,CHN,1983,1693746700
China,CHN,1984,1844212700
China,CHN,1985,1997193300
China,CHN,1986,2103429900
China,CHN,1987,2256629500
China,CHN,1988,2424444200
China,CHN,1989,2462150000
China,CHN,1990,2483534300
China,CHN,1991,2619143400
China,CHN,1992,2731290400
China,CHN,1993,2914284500
China,CHN,1994,3093890800
China,CHN,1995,3351197200
China,CHN,1996,3499310600
China,CHN,1997,3512350000
China,CHN,1998,3355336000
China,CHN,1999,3549949000
China,CHN,2000,3643809500
China,CHN,2001,3724114200
China,CHN,2002,4098180600
China,CHN,2003,4835251700
China,CHN,2004,5210961400
China,CHN,2005,5881990700
China,CHN,2006,6486184400
China,CHN,2007,6974663000
China,CHN,2008,7492404000
China,CHN,2009,7881491000
China,CHN,2010,8610048000
China,CHN,2011,9520154000
China,CHN,2012,9767310000
China,CHN,2013,9942371000
China,CHN,2014,9976027000
China,CHN,2015,9858040000
China,CHN,2016,9748175000
China,CHN,2017,10000013000
China,CHN,2018,10346790000
China,CHN,2019,10713515000
China,CHN,2020,10896520000
China,CHN,2021,11284401000
China,CHN,2022,11711807000
China,CHN,2023,12172008000
China,CHN,2024,12289037000
France,FRA,1802,2238704
France,FRA,1804,2176416
France,FRA,1810,2121456
France,FRA,1811,2051840.1
France,FRA,1812,2216720
France,FRA,1813,2048176
France,FRA,1814,2092144
France,FRA,1815,2341296
France,FRA,1816,2498848
France,FRA,1817,2660064
France,FRA,1818,2381600
France,FRA,1819,2557472
France,FRA,1820,2901888
France,FRA,1821,3011808
France,FRA,1822,3169360
France,FRA,1823,3169360
France,FRA,1824,3517440
France,FRA,1825,3957120
France,FRA,1826,4089024
France,FRA,1827,5910032
France,FRA,1828,6243456
France,FRA,1829,6074912
France,FRA,1830,6551232
France,FRA,1831,6052928
France,FRA,1832,6679472
France,FRA,1833,7247392
France,FRA,1834,8921840
France,FRA,1835,9258928
France,FRA,1836,10636592
France,FRA,1837,11351072
France,FRA,1838,11867696
France,FRA,1839,11570912
France,FRA,1840,11798080
France,FRA,1841,13820608
France,FRA,1842,14527760
France,FRA,1843,14549744
France,FRA,1844,15260560
France,FRA,1845,17836352
France,FRA,1846,18528848
France,FRA,1847,20840832
France,FRA,1848,16689520
France,FRA,1849,17385680
France,FRA,1850,19617056
France,FRA,1851,20038416
France,FRA,1852,21569968
France,FRA,1853,25340224
France,FRA,1854,29213072
France,FRA,1855,33071262
France,FRA,1856,34632130
France,FRA,1857,35280656
France,FRA,1858,34595490
France,FRA,1859,34991200
France,FRA,1860,38131250
France,FRA,1861,41241984
France,FRA,1862,43524656
France,FRA,1863,44187840
France,FRA,1864,46829584
France,FRA,1865,49302784
France,FRA,1866,53560350
France,FRA,1867,54278496
France,FRA,1868,55531584
France,FRA,1869,56942224
France,FRA,1870,50537550
France,FRA,1871,50262750
France,FRA,1872,60924990
France,FRA,1873,65849412
France,FRA,1874,62643410
France,FRA,1875,65259508
France,FRA,1876,65358428
France,FRA,1877,63925810
France,FRA,1878,65222864
France,FRA,1879,67498210
France,FRA,1880,76148910
France,FRA,1881,77984580
France,FRA,1882,82308100
France,FRA,1883,86320180
France,FRA,1884,82912660
France,FRA,1885,79713980
France,FRA,1886,79072780
France,FRA,1887,83290050
France,FRA,1888,86653600
France,FRA,1889,88797040
France,FRA,1890,97817810
France,FRA,1891,97982690
France,FRA,1892,98121920
France,FRA,1893,96330220
France,FRA,1894,101899500
France,FRA,1895,102775200
France,FRA,1896,106281650
France,FRA,1897,111261020
France,FRA,1898,115045940
France,FRA,1899,120300110
France,FRA,1900,129276920
France,FRA,1901,125004690
France,FRA,1902,117662030
France,FRA,1903,129342860
France,FRA,1904,125997630
France,FRA,1905,127426590
France,FRA,1906,136568270
France,FRA,1907,145596370
France,FRA,1908,146713890
France,FRA,1909,150095760
France,FRA,1910,150612380
France,FRA,1911,156907140
France,FRA,1912,158577920
France,FRA,1913,171112460
France,FRA,1914,118350860
France,FRA,1915,103233200
France,FRA,1916,109689170
France,FRA,1917,121604500
France,FRA,1918,108450740
France,FRA,1919,116141470
France,FRA,1920,151777540
France,FRA,1921,137909300
France,FRA,1922,163150600
France,FRA,1923,184189280
France,FRA,1924,206634940
France,FRA,1925,213827380
France,FRA,1926,213732110
France,FRA,1927,213039620
France,FRA,1928,211619150
France,FRA,1929,234282100
France,FRA,1930,237634190
France,FRA,1931,217493550
France,FRA,1932,191775420
France,FRA,1933,199387060
France,FRA,1934,201350060
France,FRA,1935,195372340
France,FRA,1936,198079070
France,FRA,1937,217705010
France,FRA,1938,201798460
France,FRA,1939,194617020
France,FRA,1940,137737090
France,FRA,1941,119927290
France,FRA,1942,122495736
France,FRA,1943,125245670
France,FRA,1944,79986440
France,FRA,1945,107165640
France,FRA,1946,165245170
France,FRA,1947,183624110
France,FRA,1948,196500540
France,FRA,1949,229050910
France,FRA,1950,202450910
France,FRA,1951,228945170
France,FRA,1952,227217330
France,FRA,1953,214771790
France,FRA,1954,226601010
France,FRA,1955,239267600
France,FRA,1956,268807100
France,FRA,1957,277881700
France,FRA,1958,266527340
France,FRA,1959,262329810
France,FRA,1960,298395840
France,FRA,1961,318161820
France,FRA,1962,335538270
France,FRA,1963,340421950
France,FRA,1964,371374000
France,FRA,1965,365844930
France,FRA,1966,382835940
France,FRA,1967,407292540
France,FRA,1968,421116100
France,FRA,1969,446577900
France,FRA,1970,463946460
France,FRA,1971,497045800
France,FRA,1972,517593100
France,FRA,1973,542646300
France,FRA,1974,524736700
France,FRA,1975,486023100
France,FRA,1976,527371840
France,FRA,1977,511269060
France,FRA,1978,532682500
France,FRA,1979,536053000
France,FRA,1980,514509470
France,FRA,1981,462596380
France,FRA,1982,443395520
France,FRA,1983,426039200
France,FRA,1984,414655870
France,FRA,1985,407801860
France,FRA,1986,392871740
France,FRA,1987,390134660
France,FRA,1988,387601180
France,FRA,1989,401469220
France,FRA,1990,394904320
France,FRA,1991,419118720
France,FRA,1992,408433000
France,FRA,1993,388889700
France,FRA,1994,381903100
France,FRA,1995,386958820
France,FRA,1996,403351940
France,FRA,1997,396023140
France,FRA,1998,414357000
France,FRA,1999,413070240
France,FRA,2000,407444640
France,FRA,2001,411591650
France,FRA,2002,407026600
France,FRA,2003,412989100
France,FRA,2004,414073000
France,FRA,2005,416342900
France,FRA,2006,406669020
France,FRA,2007,396461200
France,FRA,2008,389794300
France,FRA,2009,371404200
France,FRA,2010,377079400
France,FRA,2011,355126820
France,FRA,2012,358100260
France,FRA,2013,360013340
France,FRA,2014,327808770
France,FRA,2015,332131000
France,FRA,2016,335496400
France,FRA,2017,338368030
France,FRA,2018,323101730
France,FRA,2019,316320800
France,FRA,2020,281515500
France,FRA,2021,307271840
France,FRA,2022,295303800
France,FRA,2023,270262660
France,FRA,2024,264155620
Netherlands,NLD,1846,2868912
Netherlands,NLD,1847,3869184
Netherlands,NLD,1848,3649344
Netherlands,NLD,1849,3330576
Netherlands,NLD,1850,3136384
Netherlands,NLD,1851,3118064
Netherlands,NLD,1852,3762928
Netherlands,NLD,1853,4169632
Netherlands,NLD,1854,5946672
Netherlands,NLD,1855,4649616
Netherlands,NLD,1856,4722896
Netherlands,NLD,1857,4217264
Netherlands,NLD,1858,3707968
Netherlands,NLD,1859,3524768
Netherlands,NLD,1860,4796176
Netherlands,NLD,1861,4404128
Netherlands,NLD,1862,5671872
Netherlands,NLD,1863,4085360
Netherlands,NLD,1864,3403856
Netherlands,NLD,1865,3847200
Netherlands,NLD,1866,4217264
Netherlands,NLD,1867,4041391.8
Netherlands,NLD,1868,4239248
Netherlands,NLD,1869,4371152
Netherlands,NLD,1870,4942736
Netherlands,NLD,1871,4979376
Netherlands,NLD,1872,5331120
Netherlands,NLD,1873,5140592
Netherlands,NLD,1874,4741216
Netherlands,NLD,1875,5419056
Netherlands,NLD,1876,6210480
Netherlands,NLD,1877,6309408
Netherlands,NLD,1878,6686800
Netherlands,NLD,1879,7210752
Netherlands,NLD,1880,7972864
Netherlands,NLD,1881,8027824.5
Netherlands,NLD,1882,8130416
Netherlands,NLD,1883,9009776
Netherlands,NLD,1884,9017104
Netherlands,NLD,1885,9420144
Netherlands,NLD,1886,9618000
Netherlands,NLD,1887,9786544
Netherlands,NLD,1888,10860096
Netherlands,NLD,1889,10610944
Netherlands,NLD,1890,10284848
Netherlands,NLD,1891,11908000
Netherlands,NLD,1892,11321760
Netherlands,NLD,1893,11460992
Netherlands,NLD,1894,11618544
Netherlands,NLD,1895,11625872
Netherlands,NLD,1896,12494240
Netherlands,NLD,1897,13102464
Netherlands,NLD,1898,12933920
Netherlands,NLD,1899,13278336
Netherlands,NLD,1900,14634016
Netherlands,NLD,1901,14311584
Netherlands,NLD,1902,14300592
Netherlands,NLD,1903,15297200
Netherlands,NLD,1904,16165567
Netherlands,NLD,1905,16594255
Netherlands,NLD,1906,18056192
Netherlands,NLD,1907,18576480
Netherlands,NLD,1908,18920896
Netherlands,NLD,1909,19917504
Netherlands,NLD,1910,20833504
Netherlands,NLD,1911,22079264
Netherlands,NLD,1912,24922528
Netherlands,NLD,1913,27549616
Netherlands,NLD,1914,25823872
Netherlands,NLD,1915,24534144
Netherlands,NLD,1916,22398032
Netherlands,NLD,1917,8654368
Netherlands,NLD,1918,14527760
Netherlands,NLD,1919,21980336
Netherlands,NLD,1920,22170864
Netherlands,NLD,1921,23233424
Netherlands,NLD,1922,27271152
Netherlands,NLD,1923,27197872
Netherlands,NLD,1924,30594400
Netherlands,NLD,1925,33591550
Netherlands,NLD,1926,34328016
Netherlands,NLD,1927,37966370
Netherlands,NLD,1928,38006670
Netherlands,NLD,1929,41266770
Netherlands,NLD,1930,40779430
Netherlands,NLD,1931,44956480
Netherlands,NLD,1932,41416816
Netherlands,NLD,1933,38569470
Netherlands,NLD,1934,38627948
Netherlands,NLD,1935,37265090
Netherlands,NLD,1936,39892000
Netherlands,NLD,1937,43999190
Netherlands,NLD,1938,43306636
Netherlands,NLD,1939,40701176
Netherlands,NLD,1940,33437664
Netherlands,NLD,1941,37125440
Netherlands,NLD,1942,34594000
Netherlands,NLD,1943,34927456
Netherlands,NLD,1944,23335154
Netherlands,NLD,1945,14651415
Netherlands,NLD,1946,31102062
Netherlands,NLD,1947,44603428
Netherlands,NLD,1948,47263220
Netherlands,NLD,1949,50498684
Netherlands,NLD,1950,51300924
Netherlands,NLD,1951,54986490
Netherlands,NLD,1952,54733170
Netherlands,NLD,1953,55275320
Netherlands,NLD,1954,58411228
Netherlands,NLD,1955,61004810
Netherlands,NLD,1956,65096870
Netherlands,NLD,1957,64426124
Netherlands,NLD,1958,66708588
Netherlands,NLD,1959,67136320
Netherlands,NLD,1960,73455920
Netherlands,NLD,1961,75833440
Netherlands,NLD,1962,83300220
Netherlands,NLD,1963,91162904
Netherlands,NLD,1964,96787544
Netherlands,NLD,1965,100414580
Netherlands,NLD,1966,103564780
Netherlands,NLD,1967,106689430
Netherlands,NLD,1968,113452820
Netherlands,NLD,1969,115805730
Netherlands,NLD,1970,141810580
Netherlands,NLD,1971,140669760
Netherlands,NLD,1972,157499020
Netherlands,NLD,1973,165263500
Netherlands,NLD,1974,159988820
Netherlands,NLD,1975,152529100
Netherlands,NLD,1976,169130820
Netherlands,NLD,1977,163609310
Netherlands,NLD,1978,169793040
Netherlands,NLD,1979,187007090
Netherlands,NLD,1980,176635440
Netherlands,NLD,1981,164113470
Netherlands,NLD,1982,133490750
Netherlands,NLD,1983,137361000
Netherlands,NLD,1984,144072860
Netherlands,NLD,1985,146980000
Netherlands,NLD,1986,144014380
Netherlands,NLD,1987,151484030
Netherlands,NLD,1988,145602780
Netherlands,NLD,1989,161664200
Netherlands,NLD,1990,163032750
Netherlands,NLD,1991,171469150
Netherlands,NLD,1992,171277390
Netherlands,NLD,1993,171185020
Netherlands,NLD,1994,171951920
Netherlands,NLD,1995,173482380
Netherlands,NLD,1996,182542600
Netherlands,NLD,1997,175466190
Netherlands,NLD,1998,176396200
Netherlands,NLD,1999,171053000
Netherlands,NLD,2000,172153890
Netherlands,NLD,2001,177464220
Netherlands,NLD,2002,176738240
Netherlands,NLD,2003,180168660
Netherlands,NLD,2004,182090420
Netherlands,NLD,2005,178129760
Netherlands,NLD,2006,173279360
Netherlands,NLD,2007,173028180
Netherlands,NLD,2008,175903660
Netherlands,NLD,2009,170433400
Netherlands,NLD,2010,182478750
Netherlands,NLD,2011,169346110
Netherlands,NLD,2012,165751870
Netherlands,NLD,2013,164925380
Netherlands,NLD,2014,157502820
Netherlands,NLD,2015,163958100
Netherlands,NLD,2016,164811760
Netherlands,NLD,2017,162295740
Netherlands,NLD,2018,158264260
Netherlands,NLD,2019,152727100
Netherlands,NLD,2020,136974140
Netherlands,NLD,2021,139885680
Netherlands,NLD,2022,127503144
Netherlands,NLD,2023,117016380
Netherlands,NLD,2024,114784730
United States,USA,1800,252815.98
United States,USA,1801,267472
United States,USA,1802,289456
United States,USA,1803,296784
United States,USA,1804,333424
United States,USA,1805,340752
United States,USA,1806,333424
United States,USA,1807,377392
United States,USA,1808,392048
United States,USA,1809,403040
United States,USA,1810,417696
United States,USA,1811,447008
United States,USA,1812,483648
United States,USA,1813,520288
United States,USA,1814,560592
United States,USA,1815,600896
United States,USA,1816,663184
United States,USA,1817,718144
United States,USA,1818,780432
United States,USA,1819,762112
United States,USA,1820,791424
United States,USA,1821,828064
United States,USA,1822,864704
United States,USA,1823,901344
United States,USA,1824,1014928
United States,USA,1825,1135840
United States,USA,1826,1315376
United States,USA,1827,1447280
United States,USA,1828,1593840
United States,USA,1829,1795360
United States,USA,1830,2088480
United States,USA,1831,2264352
United States,USA,1832,3022800
United States,USA,1833,3528432
United States,USA,1834,3381872
United States,USA,1835,4316192
United States,USA,1836,4730224
United States,USA,1837,5305472
United States,USA,1838,5030672
United States,USA,1839,5517984
United States,USA,1840,5873392
United States,USA,1841,6214144
United States,USA,1842,6917632
United States,USA,1843,7764016
United States,USA,1844,9306560
United States,USA,1845,11204512
United States,USA,1846,12710416
United States,USA,1847,15070032
United States,USA,1848,16784784
United States,USA,1849,18221072
United States,USA,1850,19792928
United States,USA,1851,24633072
United States,USA,1852,26791168
United States,USA,1853,30162048
United States,USA,1854,33159198
United States,USA,1855,38160560
United States,USA,1856,40036530
United States,USA,1857,41055120
United States,USA,1858,41648690
United States,USA,1859,45320016
United States,USA,1860,47437810
United States,USA,1861,45679090
United States,USA,1862,47448800
United States,USA,1863,54809776
United States,USA,1864,58656976
United States,USA,1865,58821856
United States,USA,1866,59232224
United States,USA,1867,72865970
United States,USA,1868,82352060
United States,USA,1869,93695810
United States,USA,1870,98620220
United States,USA,1871,103020690
United States,USA,1872,126305410
United States,USA,1873,139506800
United States,USA,1874,134296590
United States,USA,1875,135747540
United States,USA,1876,132820010
United States,USA,1877,147175550
United States,USA,1878,143903600
United States,USA,1879,175468960
United States,USA,1880,198856380
United States,USA,1881,210400510
United States,USA,1882,235663860
United States,USA,1883,254230540
United States,USA,1884,267921760
United States,USA,1885,272506900
United States,USA,1886,287836900
United States,USA,1887,307936640
United States,USA,1888,374415200
United States,USA,1889,336123680
United States,USA,1890,402411650
United States,USA,1891,428107500
United States,USA,1892,451176600
United States,USA,1893,454759420
United States,USA,1894,425744800
United States,USA,1895,480673180
United States,USA,1896,481672540
United States,USA,1897,501199780
United States,USA,1898,546327300
United States,USA,1899,626822900
United States,USA,1900,664131600
United States,USA,1901,723192060
United States,USA,1902,766651600
United States,USA,1903,896952800
United States,USA,1904,884803400
United States,USA,1905,989991200
United States,USA,1906,1039963970
United States,USA,1907,1208486300
United States,USA,1908,1057521600
United States,USA,1909,1171650800
United States,USA,1910,1278529500
United States,USA,1911,1265776100
United States,USA,1912,1351017700
United States,USA,1913,1450855400
United States,USA,1914,1325944300
United States,USA,1915,1375451600
United States,USA,1916,1527240000
United States,USA,1917,1679331300
United States,USA,1918,1754117200
United States,USA,1919,1486433300
United States,USA,1920,1747166700
United States,USA,1921,1432479000
United States,USA,1922,1446013000
United States,USA,1923,1909034400
United States,USA,1924,1711686500
United States,USA,1925,1758185500
United States,USA,1926,1906048500
United States,USA,1927,1862839200
United States,USA,1928,1830965000
United States,USA,1929,1963506200
United States,USA,1930,1744916200
United States,USA,1931,1484959100
United States,USA,1932,1257814100
United States,USA,1933,1348876800
United States,USA,1934,1436238600
United States,USA,1935,1492320900
United States,USA,1936,1713411700
United States,USA,1937,1792609900
United States,USA,1938,1515749900
United States,USA,1939,1670920400
United States,USA,1940,1874985100
United States,USA,1941,2043585000
United States,USA,1942,2198264800
United States,USA,1943,2272059100
United States,USA,1944,2444903700
United States,USA,1945,2359551500
United States,USA,1946,2257493800
United States,USA,1947,2485854500
United States,USA,1948,2582558700
United States,USA,1949,2164862200
United States,USA,1950,2541485300
United States,USA,1951,2618704400
United States,USA,1952,2551215900
United States,USA,1953,2612971300
United States,USA,1954,2489462300
United States,USA,1955,2728508400
United States,USA,1956,2859987500
United States,USA,1957,2835772200
United States,USA,1958,2747107600
United States,USA,1959,2831908400
United States,USA,1960,2897308000
United States,USA,1961,2886861800
United States,USA,1962,2993898500
United States,USA,1963,3126484000
United States,USA,1964,3264306400
United States,USA,1965,3399539200
United States,USA,1966,3571417600
United States,USA,1967,3705461000
United States,USA,1968,3840923400
United States,USA,1969,4035156200
United States,USA,1970,4339704300
United States,USA,1971,4365483500
United States,USA,1972,4573033500
United States,USA,1973,4777725000
United States,USA,1974,4608462300
United States,USA,1975,4414455300
United States,USA,1976,4621539000
United States,USA,1977,4749501000
United States,USA,1978,4897339000
United States,USA,1979,4908766000
United States,USA,1980,4730218500
United States,USA,1981,4543633400
United States,USA,1982,4311918600
United States,USA,1983,4346381000
United States,USA,1984,4479379500
United States,USA,1985,4495378400
United States,USA,1986,4498135600
United States,USA,1987,4691930000
United States,USA,1988,4897776000
United States,USA,1989,4960237600
United States,USA,1990,5131760600
United States,USA,1991,5076412400
United States,USA,1992,5178769400
United States,USA,1993,5279520300
United States,USA,1994,5361863000
United States,USA,1995,5425837600
United States,USA,1996,5601094000
United States,USA,1997,5673144000
United States,USA,1998,5736360000
United States,USA,1999,5800281000
United States,USA,2000,6023158000
United States,USA,2001,5903562000
United States,USA,2002,5947819500
United States,USA,2003,6006440000
United States,USA,2004,6111545000
United States,USA,2005,6126903300
United States,USA,2006,6045326300
United States,USA,2007,6121542700
United States,USA,2008,5919221000
United States,USA,2009,5486104000
United States,USA,2010,5669250000
United States,USA,2011,5538973000
United States,USA,2012,5331467300
United States,USA,2013,5473436000
United States,USA,2014,5531385300
United States,USA,2015,5368496600
United States,USA,2016,5245361700
United States,USA,2017,5195417600
United States,USA,2018,5361236500
United States,USA,2019,5235912000
United States,USA,2020,4689954000
United States,USA,2021,5020111000
United States,USA,2022,5055403000
United States,USA,2023,4918406700
United States,USA,2024,4904120000